inventory_id,store_id,product_id,quantity_on_hand,quantity_reserved,quantity_on_order,reorder_level,last_counted_at,is_adjustment,updated_at
1,9,120,171.6,4.1,55.1,29.0,2026-02-07 18:42:00,False,2026-07-01 00:00:00
2,23,134,127.5,0.2,14.0,47.1,2026-06-30 15:53:00,False,2026-07-01 00:00:00
3,8,131,306.6,13.9,52.5,44.9,2026-01-03 06:37:00,False,2026-07-01 00:00:00
4,20,131,185.8,18.0,93.3,32.7,2026-06-28 14:41:00,False,2026-07-01 00:00:00
5,26,81,329.5,18.6,6.5,20.7,2026-01-08 15:32:00,False,2026-07-01 00:00:00
6,25,120,361.2,6.9,60.7,25.0,2026-02-27 15:50:00,False,2026-07-01 00:00:00
7,11,61,495.3,16.8,61.9,25.7,2026-01-16 21:31:00,False,2026-07-01 00:00:00
8,24,147,282.9,8.9,14.2,16.4,2026-06-28 19:19:00,False,2026-07-01 00:00:00
9,28,97,351.8,1.7,99.0,47.4,2026-03-02 07:00:00,False,2026-07-01 00:00:00
10,5,128,-43.9,9.2,36.3,12.4,2026-05-02 19:51:00,True,2026-07-01 00:00:00
11,28,121,370.2,13.9,69.4,19.7,2026-05-18 07:57:00,False,2026-07-01 00:00:00
12,11,28,88.7,4.8,55.4,36.0,2026-06-23 06:07:00,False,2026-07-01 00:00:00
13,30,112,233.6,17.5,15.5,48.3,2026-01-10 21:21:00,False,2026-07-01 00:00:00
14,28,2,-19.9,8.1,85.9,46.2,2026-06-25 08:22:00,True,2026-07-01 00:00:00
15,12,136,436.5,6.9,56.8,44.7,2026-06-19 11:55:00,False,2026-07-01 00:00:00
16,5,67,90.9,7.1,43.6,17.3,2026-02-16 10:06:00,False,2026-07-01 00:00:00
17,10,138,492.1,6.2,76.7,17.6,2026-05-27 17:41:00,False,2026-07-01 00:00:00
18,3,115,171.1,12.0,20.9,12.1,2026-05-22 08:20:00,False,2026-07-01 00:00:00
19,14,150,129.9,18.2,48.2,24.0,2026-06-18 19:38:00,False,2026-07-01 00:00:00
20,12,17,-42.8,8.6,81.7,26.4,2026-01-29 08:51:00,True,2026-07-01 00:00:00
21,5,133,418.4,5.8,70.5,30.1,2026-01-29 08:29:00,False,2026-07-01 00:00:00
22,27,49,489.8,13.7,57.8,34.0,2026-05-16 10:04:00,False,2026-07-01 00:00:00
23,9,81,22.8,8.8,99.9,30.8,2026-06-04 18:08:00,False,2026-07-01 00:00:00
24,17,148,479.0,4.7,78.1,17.5,2026-03-15 07:23:00,False,2026-07-01 00:00:00
25,5,20,226.4,0.9,38.3,12.1,2026-02-18 09:36:00,False,2026-07-01 00:00:00
26,4,39,308.9,1.1,70.2,31.9,2026-05-16 19:20:00,False,2026-07-01 00:00:00
27,9,142,-12.6,19.5,27.2,10.6,2026-03-03 19:22:00,True,2026-07-01 00:00:00
28,10,118,-11.8,15.4,90.4,35.7,2026-01-14 17:16:00,True,2026-07-01 00:00:00
29,17,118,118.3,9.4,33.6,25.2,2026-02-27 06:54:00,False,2026-07-01 00:00:00
30,26,13,408.5,7.8,0.7,35.9,2026-03-21 14:40:00,False,2026-07-01 00:00:00
31,13,28,148.4,17.2,13.9,45.6,2026-06-22 13:58:00,False,2026-07-01 00:00:00
32,11,14,179.4,12.6,86.0,27.3,2026-01-15 17:01:00,False,2026-07-01 00:00:00
33,12,6,408.9,17.1,64.4,37.8,2026-04-20 16:31:00,False,2026-07-01 00:00:00
34,18,148,67.0,16.1,57.3,48.7,2026-05-30 09:59:00,False,2026-07-01 00:00:00
35,20,79,218.1,4.5,15.2,32.7,2026-06-01 07:45:00,False,2026-07-01 00:00:00
36,7,84,428.3,1.7,79.1,41.0,2026-04-10 06:37:00,False,2026-07-01 00:00:00
37,4,7,25.9,8.5,78.2,29.9,2026-03-20 11:16:00,False,2026-07-01 00:00:00
38,22,59,42.6,2.0,81.3,33.2,2026-02-03 19:41:00,False,2026-07-01 00:00:00
39,14,35,79.0,9.0,99.2,47.3,2026-01-28 13:54:00,False,2026-07-01 00:00:00
40,26,64,-45.9,18.1,53.7,13.9,2026-03-09 17:10:00,True,2026-07-01 00:00:00
41,8,126,243.7,15.4,1.3,22.3,2026-02-25 12:47:00,False,2026-07-01 00:00:00
42,29,47,233.2,5.3,15.3,24.6,2026-03-23 18:57:00,False,2026-07-01 00:00:00
43,30,142,166.0,15.2,3.4,36.3,2026-03-27 07:02:00,False,2026-07-01 00:00:00
44,2,93,449.1,11.5,35.0,45.2,2026-02-25 09:20:00,False,2026-07-01 00:00:00
45,16,96,425.8,1.1,9.3,22.6,2026-02-26 16:29:00,False,2026-07-01 00:00:00
46,18,28,257.9,1.0,48.1,34.8,2026-03-12 09:51:00,False,2026-07-01 00:00:00
47,10,136,488.9,17.4,11.4,36.8,2026-06-12 09:18:00,False,2026-07-01 00:00:00
48,9,110,173.5,17.8,65.8,23.6,2026-01-29 20:05:00,False,2026-07-01 00:00:00
49,2,1,427.2,8.1,36.3,43.7,2026-04-12 18:27:00,False,2026-07-01 00:00:00
50,18,142,149.1,17.1,31.4,23.3,2026-06-12 18:14:00,False,2026-07-01 00:00:00
51,16,128,184.1,7.2,62.1,24.1,2026-06-03 07:10:00,False,2026-07-01 00:00:00
52,9,73,457.5,16.0,23.3,42.1,2026-01-27 19:11:00,False,2026-07-01 00:00:00
53,6,98,186.0,5.4,84.6,34.6,2026-01-28 22:41:00,False,2026-07-01 00:00:00
54,13,25,121.6,17.7,54.9,19.3,2026-02-25 16:34:00,False,2026-07-01 00:00:00
55,2,96,363.5,4.0,65.8,13.3,2026-02-21 08:43:00,False,2026-07-01 00:00:00
56,7,89,187.0,16.3,94.6,45.9,2026-02-11 21:32:00,False,2026-07-01 00:00:00
57,10,122,53.2,6.1,97.8,33.1,2026-02-19 20:10:00,False,2026-07-01 00:00:00
58,24,45,74.7,12.4,80.6,14.4,2026-04-08 08:39:00,False,2026-07-01 00:00:00
59,23,105,256.7,17.6,34.6,31.9,2026-06-20 22:59:00,False,2026-07-01 00:00:00
60,27,70,313.8,2.4,63.5,40.1,2026-06-28 21:19:00,False,2026-07-01 00:00:00
61,1,136,196.1,8.9,2.8,28.1,2026-06-06 21:09:00,False,2026-07-01 00:00:00
62,19,108,7.4,9.7,40.7,27.6,2026-05-31 07:24:00,False,2026-07-01 00:00:00
63,4,130,444.0,14.8,26.3,23.2,2026-01-23 22:02:00,False,2026-07-01 00:00:00
64,20,81,93.4,6.3,58.5,48.0,2026-02-02 15:06:00,False,2026-07-01 00:00:00
65,12,34,232.6,8.6,31.1,20.0,2026-01-18 19:54:00,False,2026-07-01 00:00:00
66,25,23,319.0,1.0,83.2,36.7,2026-03-06 09:19:00,False,2026-07-01 00:00:00
67,10,84,66.8,4.9,68.9,24.0,2026-02-15 06:06:00,False,2026-07-01 00:00:00
68,27,93,159.6,1.9,43.5,36.9,2026-04-08 15:04:00,False,2026-07-01 00:00:00
69,12,122,75.3,9.5,89.6,30.7,2026-01-02 08:12:00,False,2026-07-01 00:00:00
70,9,19,296.1,10.1,1.6,10.2,2026-01-29 17:30:00,False,2026-07-01 00:00:00
71,21,27,311.3,6.0,34.5,22.5,2026-04-02 09:17:00,False,2026-07-01 00:00:00
72,19,92,129.8,15.5,54.3,44.3,2026-04-09 07:55:00,False,2026-07-01 00:00:00
73,15,45,277.1,8.5,7.8,44.8,2026-01-13 14:15:00,False,2026-07-01 00:00:00
74,29,134,235.2,1.4,82.8,22.4,2026-02-05 20:45:00,False,2026-07-01 00:00:00
75,6,51,308.7,0.5,59.5,11.3,2026-01-05 15:46:00,False,2026-07-01 00:00:00
76,30,99,101.5,6.8,23.6,36.5,2026-04-07 06:16:00,False,2026-07-01 00:00:00
77,12,32,320.7,12.3,51.2,43.5,2026-05-03 13:13:00,False,2026-07-01 00:00:00
78,2,8,47.5,12.8,37.8,38.6,2026-02-05 20:11:00,False,2026-07-01 00:00:00
79,6,53,380.2,4.4,42.7,44.3,2026-01-16 14:53:00,False,2026-07-01 00:00:00
80,7,38,454.2,7.7,4.5,33.4,2026-03-08 20:14:00,False,2026-07-01 00:00:00
81,12,54,130.1,2.8,41.8,43.0,2026-04-04 14:37:00,False,2026-07-01 00:00:00
82,7,14,480.9,16.3,34.4,18.4,2026-05-25 20:56:00,False,2026-07-01 00:00:00
83,7,79,413.9,1.9,67.7,23.9,2026-06-07 19:18:00,False,2026-07-01 00:00:00
84,5,108,-17.4,7.6,6.2,11.0,2026-05-24 20:10:00,True,2026-07-01 00:00:00
85,15,66,435.4,14.0,9.0,36.2,2026-03-04 09:58:00,False,2026-07-01 00:00:00
86,28,100,110.0,15.8,60.8,44.2,2026-06-29 12:27:00,False,2026-07-01 00:00:00
87,12,108,120.8,1.0,64.1,40.4,2026-06-28 17:59:00,False,2026-07-01 00:00:00
88,10,45,185.4,0.8,12.7,40.1,2026-05-28 11:10:00,False,2026-07-01 00:00:00
89,7,134,92.9,7.2,46.2,46.5,2026-02-18 16:59:00,False,2026-07-01 00:00:00
90,19,77,152.0,18.1,56.5,16.2,2026-01-17 21:17:00,False,2026-07-01 00:00:00
91,28,125,127.1,11.9,62.3,28.3,2026-04-12 17:20:00,False,2026-07-01 00:00:00
92,4,42,233.2,15.5,51.3,45.5,2026-06-21 16:27:00,False,2026-07-01 00:00:00
93,7,138,53.5,9.8,42.3,40.9,2026-01-15 12:05:00,False,2026-07-01 00:00:00
94,24,1,-6.9,2.6,7.1,19.0,2026-06-29 22:31:00,True,2026-07-01 00:00:00
95,21,68,48.2,6.0,73.7,18.6,2026-03-27 15:43:00,False,2026-07-01 00:00:00
96,25,85,365.0,9.1,56.4,31.1,2026-06-10 13:39:00,False,2026-07-01 00:00:00
97,14,134,483.8,11.2,12.7,16.0,2026-03-15 12:02:00,False,2026-07-01 00:00:00
98,20,50,466.0,13.8,93.2,23.6,2026-01-17 17:04:00,False,2026-07-01 00:00:00
99,16,51,324.2,5.7,38.0,47.8,2026-01-06 19:34:00,False,2026-07-01 00:00:00
100,21,145,395.1,14.7,15.2,40.0,2026-05-01 09:22:00,False,2026-07-01 00:00:00
101,16,83,178.4,2.1,54.6,36.6,2026-01-20 07:51:00,False,2026-07-01 00:00:00
102,7,6,39.3,17.8,71.6,18.4,2026-03-28 17:06:00,False,2026-07-01 00:00:00
103,6,25,423.1,8.4,51.2,15.5,2026-02-09 17:58:00,False,2026-07-01 00:00:00
104,9,26,94.0,2.5,16.4,42.8,2026-06-10 10:26:00,False,2026-07-01 00:00:00
105,24,33,12.6,5.3,20.3,29.0,2026-03-28 07:17:00,False,2026-07-01 00:00:00
106,11,32,409.1,7.9,54.4,27.6,2026-05-21 22:51:00,False,2026-07-01 00:00:00
107,2,21,323.4,12.8,76.2,14.0,2026-02-15 19:34:00,False,2026-07-01 00:00:00
108,10,48,57.6,3.5,68.6,17.6,2026-04-01 14:26:00,False,2026-07-01 00:00:00
109,20,11,64.2,14.3,82.2,32.5,2026-02-18 08:02:00,False,2026-07-01 00:00:00
110,29,88,194.4,11.4,24.7,18.0,2026-05-21 09:22:00,False,2026-07-01 00:00:00
111,10,88,136.2,9.1,98.8,32.4,2026-05-01 19:40:00,False,2026-07-01 00:00:00
112,25,42,296.5,0.1,18.2,18.6,2026-04-20 15:01:00,False,2026-07-01 00:00:00
113,22,150,78.0,12.5,76.0,31.4,2026-05-11 08:38:00,False,2026-07-01 00:00:00
114,24,96,-43.2,13.9,43.7,47.5,2026-04-11 12:42:00,True,2026-07-01 00:00:00
115,17,28,499.2,20.0,12.3,45.8,2026-05-26 15:35:00,False,2026-07-01 00:00:00
116,27,118,100.1,2.4,23.4,36.4,2026-06-03 06:02:00,False,2026-07-01 00:00:00
117,5,75,0.1,6.7,49.4,46.5,2026-05-14 18:57:00,False,2026-07-01 00:00:00
118,7,116,65.9,4.1,16.6,28.9,2026-02-03 22:49:00,False,2026-07-01 00:00:00
119,27,103,174.6,8.7,43.3,45.5,2026-05-17 17:52:00,False,2026-07-01 00:00:00
120,18,69,66.9,1.8,16.2,12.7,2026-06-21 18:22:00,False,2026-07-01 00:00:00
121,28,22,117.6,12.3,84.2,18.3,2026-06-07 18:46:00,False,2026-07-01 00:00:00
122,12,75,362.0,1.6,34.0,27.6,2026-01-17 07:59:00,False,2026-07-01 00:00:00
123,7,15,499.1,15.5,46.1,32.9,2026-01-11 16:35:00,False,2026-07-01 00:00:00
124,13,116,284.3,19.8,86.8,22.0,2026-03-07 11:12:00,False,2026-07-01 00:00:00
125,4,68,262.1,15.4,16.7,14.1,2026-03-30 19:02:00,False,2026-07-01 00:00:00
126,14,36,303.5,15.2,75.7,45.8,2026-01-28 07:43:00,False,2026-07-01 00:00:00
127,9,13,309.3,17.5,72.1,39.1,2026-06-08 09:20:00,False,2026-07-01 00:00:00
128,4,78,359.8,5.8,35.8,12.4,2026-03-31 06:42:00,False,2026-07-01 00:00:00
129,3,62,321.0,9.6,27.3,16.5,2026-06-03 18:58:00,False,2026-07-01 00:00:00
130,8,107,90.1,17.8,17.2,26.5,2026-04-26 10:20:00,False,2026-07-01 00:00:00
131,23,69,329.1,14.0,74.0,17.1,2026-03-29 12:38:00,False,2026-07-01 00:00:00
132,30,102,-42.8,5.8,25.4,31.5,2026-01-22 20:18:00,True,2026-07-01 00:00:00
133,23,71,26.0,13.5,92.9,38.0,2026-04-13 22:41:00,False,2026-07-01 00:00:00
134,11,48,198.7,16.3,99.6,30.1,2026-02-15 06:36:00,False,2026-07-01 00:00:00
135,4,141,306.1,2.0,15.2,41.3,2026-04-09 18:07:00,False,2026-07-01 00:00:00
136,30,67,436.0,15.6,53.7,34.2,2026-05-05 06:10:00,False,2026-07-01 00:00:00
137,1,120,272.8,0.3,43.5,19.9,2026-01-26 16:39:00,False,2026-07-01 00:00:00
138,3,20,208.0,13.0,23.6,27.6,2026-02-04 17:57:00,False,2026-07-01 00:00:00
139,7,62,224.4,9.5,53.1,12.1,2026-06-15 13:29:00,False,2026-07-01 00:00:00
140,25,123,456.6,11.0,18.0,24.7,2026-04-30 08:31:00,False,2026-07-01 00:00:00
141,5,10,326.6,6.5,24.0,11.0,2026-02-21 11:21:00,False,2026-07-01 00:00:00
142,13,148,452.0,8.3,44.5,20.1,2026-01-18 12:59:00,False,2026-07-01 00:00:00
143,29,61,-11.5,2.0,9.1,26.6,2026-02-28 15:34:00,True,2026-07-01 00:00:00
144,25,78,36.8,8.2,43.2,13.5,2026-03-19 12:01:00,False,2026-07-01 00:00:00
145,19,8,498.2,12.8,65.3,22.4,2026-05-26 09:15:00,False,2026-07-01 00:00:00
146,3,92,401.5,12.8,19.6,42.8,2026-04-08 19:31:00,False,2026-07-01 00:00:00
147,3,54,170.5,8.4,90.7,17.8,2026-01-22 15:20:00,False,2026-07-01 00:00:00
148,6,48,233.3,12.8,21.3,45.3,2026-06-25 12:53:00,False,2026-07-01 00:00:00
149,10,131,313.0,14.5,82.4,33.8,2026-06-06 12:45:00,False,2026-07-01 00:00:00
150,9,105,145.4,8.8,31.5,19.6,2026-06-14 13:22:00,False,2026-07-01 00:00:00
151,6,31,318.0,9.9,97.9,25.5,2026-01-02 19:18:00,False,2026-07-01 00:00:00
152,3,37,58.0,13.8,78.7,35.6,2026-03-24 14:02:00,False,2026-07-01 00:00:00
153,5,79,93.7,9.2,20.4,45.3,2026-04-26 16:00:00,False,2026-07-01 00:00:00
154,4,103,58.3,9.9,2.1,17.6,2026-03-10 09:16:00,False,2026-07-01 00:00:00
155,4,5,321.7,2.5,94.9,35.1,2026-02-21 19:59:00,False,2026-07-01 00:00:00
156,10,43,205.5,3.1,7.4,46.4,2026-04-14 14:43:00,False,2026-07-01 00:00:00
157,11,73,61.5,9.7,51.0,47.8,2026-05-04 19:30:00,False,2026-07-01 00:00:00
158,22,79,164.4,12.6,92.7,25.5,2026-05-12 19:45:00,False,2026-07-01 00:00:00
159,7,2,440.8,1.8,23.2,18.8,2026-05-05 10:51:00,False,2026-07-01 00:00:00
160,4,116,-49.4,12.8,41.7,44.4,2026-01-31 18:04:00,True,2026-07-01 00:00:00
161,10,73,292.7,17.1,35.2,22.3,2026-04-28 17:27:00,False,2026-07-01 00:00:00
162,4,107,356.5,15.9,54.5,33.3,2026-03-25 10:25:00,False,2026-07-01 00:00:00
163,1,108,233.5,3.7,15.8,30.1,2026-05-25 16:45:00,False,2026-07-01 00:00:00
164,13,19,118.8,1.7,1.1,46.5,2026-04-08 08:43:00,False,2026-07-01 00:00:00
165,30,95,288.3,12.4,19.0,39.3,2026-04-26 22:38:00,False,2026-07-01 00:00:00
166,2,141,227.6,15.9,4.3,32.7,2026-02-18 07:52:00,False,2026-07-01 00:00:00
167,23,57,107.1,15.0,48.3,43.5,2026-01-19 08:11:00,False,2026-07-01 00:00:00
168,2,36,207.8,0.5,84.3,15.6,2026-03-01 22:40:00,False,2026-07-01 00:00:00
169,21,147,407.8,14.0,82.1,37.8,2026-02-05 10:02:00,False,2026-07-01 00:00:00
170,15,40,30.9,0.9,20.5,24.9,2026-05-22 10:14:00,False,2026-07-01 00:00:00
171,8,148,247.5,13.5,6.8,37.9,2026-03-03 21:48:00,False,2026-07-01 00:00:00
172,24,121,455.6,4.9,82.4,28.3,2026-02-10 20:35:00,False,2026-07-01 00:00:00
173,15,100,489.2,18.8,82.2,19.8,2026-01-02 15:11:00,False,2026-07-01 00:00:00
174,5,99,395.4,15.2,83.6,23.2,2026-03-19 14:43:00,False,2026-07-01 00:00:00
175,9,131,157.2,9.2,19.8,45.9,2026-02-09 06:24:00,False,2026-07-01 00:00:00
176,17,17,120.2,13.5,84.4,35.4,2026-05-25 09:37:00,False,2026-07-01 00:00:00
177,17,113,27.7,3.5,59.0,13.2,2026-02-23 06:48:00,False,2026-07-01 00:00:00
178,1,133,99.4,18.4,21.8,14.8,2026-03-16 08:37:00,False,2026-07-01 00:00:00
179,23,141,13.9,19.8,70.1,35.3,2026-06-01 19:15:00,False,2026-07-01 00:00:00
180,29,50,-38.4,6.8,0.1,28.2,2026-03-13 16:03:00,True,2026-07-01 00:00:00
181,28,73,105.6,16.9,17.1,13.9,2026-06-01 11:36:00,False,2026-07-01 00:00:00
182,18,2,28.1,10.4,97.6,36.0,2026-01-29 19:05:00,False,2026-07-01 00:00:00
183,22,97,275.5,19.6,96.2,42.4,2026-03-11 07:33:00,False,2026-07-01 00:00:00
184,24,135,371.7,19.6,11.5,45.6,2026-06-16 19:14:00,False,2026-07-01 00:00:00
185,5,62,228.3,3.9,1.4,46.0,2026-03-23 21:45:00,False,2026-07-01 00:00:00
186,22,76,-7.9,4.9,41.1,16.3,2026-04-17 16:38:00,True,2026-07-01 00:00:00
187,9,32,345.3,2.6,93.1,41.8,2026-02-23 22:22:00,False,2026-07-01 00:00:00
188,3,111,78.8,9.9,7.3,42.0,2026-04-16 15:50:00,False,2026-07-01 00:00:00
189,25,72,343.0,8.2,50.0,42.2,2026-01-28 12:10:00,False,2026-07-01 00:00:00
190,22,16,385.8,2.0,5.9,17.1,2026-06-04 09:21:00,False,2026-07-01 00:00:00
191,17,88,326.8,16.8,55.1,31.0,2026-01-31 07:06:00,False,2026-07-01 00:00:00
192,10,99,-24.9,3.8,74.6,20.0,2026-03-28 18:32:00,True,2026-07-01 00:00:00
193,6,131,275.7,1.9,27.1,11.9,2026-01-30 10:44:00,False,2026-07-01 00:00:00
194,8,87,185.8,16.2,39.9,42.7,2026-04-12 07:09:00,False,2026-07-01 00:00:00
195,15,25,168.4,11.7,46.3,45.8,2026-05-23 14:55:00,False,2026-07-01 00:00:00
196,15,132,374.3,15.8,95.8,31.8,2026-06-07 12:54:00,False,2026-07-01 00:00:00
197,18,59,118.9,13.4,44.4,11.8,2026-01-23 06:41:00,False,2026-07-01 00:00:00
198,27,66,210.9,19.8,99.0,32.2,2026-02-17 22:10:00,False,2026-07-01 00:00:00
199,4,56,12.6,1.6,29.8,30.4,2026-03-21 08:53:00,False,2026-07-01 00:00:00
200,24,78,355.9,0.4,76.0,22.4,2026-05-26 20:34:00,False,2026-07-01 00:00:00
201,21,76,30.7,6.6,41.3,22.0,2026-01-05 06:59:00,False,2026-07-01 00:00:00
202,3,116,180.9,14.4,60.9,19.9,2026-04-03 06:03:00,False,2026-07-01 00:00:00
203,9,27,290.2,1.8,8.7,35.2,2026-02-24 06:28:00,False,2026-07-01 00:00:00
204,25,100,422.4,1.4,0.4,38.1,2026-01-28 18:43:00,False,2026-07-01 00:00:00
205,24,103,256.0,5.4,41.4,41.8,2026-05-18 10:50:00,False,2026-07-01 00:00:00
206,21,8,462.1,10.4,12.6,22.4,2026-05-14 08:32:00,False,2026-07-01 00:00:00
207,4,137,164.1,7.9,14.0,41.2,2026-03-07 14:03:00,False,2026-07-01 00:00:00
208,11,95,192.0,17.0,30.9,40.2,2026-02-13 08:50:00,False,2026-07-01 00:00:00
209,8,147,175.5,3.9,96.5,16.1,2026-05-30 08:26:00,False,2026-07-01 00:00:00
210,1,70,271.3,18.4,95.2,29.1,2026-06-29 11:55:00,False,2026-07-01 00:00:00
211,7,18,441.9,0.6,43.9,38.0,2026-04-10 19:52:00,False,2026-07-01 00:00:00
212,17,97,83.5,8.8,10.0,31.8,2026-04-03 12:53:00,False,2026-07-01 00:00:00
213,12,132,467.3,14.5,92.3,36.2,2026-03-20 21:02:00,False,2026-07-01 00:00:00
214,25,94,331.6,1.8,89.6,16.4,2026-04-17 16:24:00,False,2026-07-01 00:00:00
215,12,99,421.3,13.9,10.1,27.1,2026-04-12 18:26:00,False,2026-07-01 00:00:00
216,11,118,375.2,18.9,97.1,42.9,2026-02-05 07:59:00,False,2026-07-01 00:00:00
217,16,5,7.5,13.8,1.8,23.5,2026-05-15 12:48:00,False,2026-07-01 00:00:00
218,12,146,182.5,12.6,80.8,42.2,2026-04-15 11:23:00,False,2026-07-01 00:00:00
219,24,87,25.5,9.2,7.8,11.1,2026-03-02 12:22:00,False,2026-07-01 00:00:00
220,28,132,305.1,10.7,84.0,26.7,2026-05-10 19:43:00,False,2026-07-01 00:00:00
221,25,133,357.2,3.8,1.0,20.1,2026-03-13 10:10:00,False,2026-07-01 00:00:00
222,19,127,247.1,4.3,82.6,15.0,2026-06-26 06:04:00,False,2026-07-01 00:00:00
223,23,62,70.4,11.7,56.5,18.7,2026-05-25 06:17:00,False,2026-07-01 00:00:00
224,1,13,86.0,18.6,87.5,23.8,2026-03-21 06:06:00,False,2026-07-01 00:00:00
225,29,78,-26.7,6.8,33.3,10.0,2026-04-01 20:35:00,True,2026-07-01 00:00:00
226,16,10,319.9,16.3,59.8,34.4,2026-06-06 07:09:00,False,2026-07-01 00:00:00
227,22,119,354.5,11.3,27.1,17.7,2026-06-04 08:49:00,False,2026-07-01 00:00:00
228,20,148,450.7,10.3,19.3,30.9,2026-03-10 22:48:00,False,2026-07-01 00:00:00
229,18,49,159.2,8.2,90.9,26.6,2026-04-16 12:24:00,False,2026-07-01 00:00:00
230,15,122,437.0,9.1,70.9,22.7,2026-06-03 19:45:00,False,2026-07-01 00:00:00
231,30,147,338.6,18.7,78.9,37.6,2026-06-09 09:22:00,False,2026-07-01 00:00:00
232,28,70,339.0,12.7,46.2,31.6,2026-01-23 14:06:00,False,2026-07-01 00:00:00
233,23,36,91.8,16.6,79.5,40.1,2026-05-01 07:23:00,False,2026-07-01 00:00:00
234,2,137,392.6,9.4,93.2,11.6,2026-04-21 11:16:00,False,2026-07-01 00:00:00
235,10,137,-5.8,14.9,79.9,39.8,2026-05-18 18:28:00,True,2026-07-01 00:00:00
236,17,95,425.2,2.0,88.7,14.5,2026-05-28 12:33:00,False,2026-07-01 00:00:00
237,15,16,191.0,5.6,71.5,22.0,2026-02-13 06:06:00,False,2026-07-01 00:00:00
238,8,71,410.0,16.3,79.0,44.3,2026-02-24 11:34:00,False,2026-07-01 00:00:00
239,22,20,464.6,6.2,29.3,17.1,2026-05-02 19:43:00,False,2026-07-01 00:00:00
240,24,51,387.5,16.8,92.7,17.4,2026-04-16 11:30:00,False,2026-07-01 00:00:00
241,30,59,77.9,10.0,57.0,19.7,2026-03-23 15:19:00,False,2026-07-01 00:00:00
242,13,129,105.8,18.1,96.4,17.1,2026-01-17 07:55:00,False,2026-07-01 00:00:00
243,30,83,112.8,12.0,56.2,14.1,2026-04-28 12:03:00,False,2026-07-01 00:00:00
244,26,121,261.5,0.1,62.0,37.8,2026-05-27 22:54:00,False,2026-07-01 00:00:00
245,26,72,168.2,8.4,46.5,33.9,2026-04-06 09:05:00,False,2026-07-01 00:00:00
246,25,11,68.5,16.8,40.4,48.8,2026-03-23 21:44:00,False,2026-07-01 00:00:00
247,13,35,-12.1,19.6,72.6,33.8,2026-02-06 22:01:00,True,2026-07-01 00:00:00
248,12,117,367.0,17.2,97.4,23.7,2026-01-06 06:51:00,False,2026-07-01 00:00:00
249,2,66,113.8,1.5,42.6,43.7,2026-04-08 13:02:00,False,2026-07-01 00:00:00
250,30,96,349.9,17.9,49.7,27.4,2026-02-17 06:10:00,False,2026-07-01 00:00:00
251,11,139,262.5,16.4,56.1,32.6,2026-01-06 16:12:00,False,2026-07-01 00:00:00
252,15,8,14.6,4.5,47.8,25.7,2026-01-08 20:11:00,False,2026-07-01 00:00:00
253,1,56,34.0,14.6,51.9,34.3,2026-02-06 13:41:00,False,2026-07-01 00:00:00
254,15,124,454.1,8.4,47.6,47.0,2026-04-07 18:55:00,False,2026-07-01 00:00:00
255,18,84,62.5,3.7,11.7,40.5,2026-05-10 15:09:00,False,2026-07-01 00:00:00
256,14,144,282.4,19.5,72.8,45.5,2026-04-23 17:30:00,False,2026-07-01 00:00:00
257,28,74,190.5,6.9,33.9,40.0,2026-05-21 17:25:00,False,2026-07-01 00:00:00
258,27,77,151.7,15.5,58.2,21.1,2026-04-25 13:16:00,False,2026-07-01 00:00:00
259,13,138,324.8,16.9,61.7,32.4,2026-04-03 08:25:00,False,2026-07-01 00:00:00
260,12,37,51.0,10.4,97.5,18.3,2026-01-28 08:35:00,False,2026-07-01 00:00:00
261,17,101,82.3,19.9,6.8,21.4,2026-05-03 21:28:00,False,2026-07-01 00:00:00
262,10,114,467.4,15.6,58.4,36.4,2026-01-20 06:12:00,False,2026-07-01 00:00:00
263,3,135,245.3,17.1,99.8,48.2,2026-02-15 21:31:00,False,2026-07-01 00:00:00
264,28,146,471.9,19.4,87.5,36.7,2026-05-10 22:42:00,False,2026-07-01 00:00:00
265,13,113,317.2,15.7,73.0,17.0,2026-01-03 16:43:00,False,2026-07-01 00:00:00
266,23,8,315.6,16.8,47.1,48.7,2026-04-14 11:09:00,False,2026-07-01 00:00:00
267,27,18,172.9,5.2,40.7,13.7,2026-04-14 16:49:00,False,2026-07-01 00:00:00
268,4,89,78.0,2.7,29.3,12.9,2026-03-01 22:08:00,False,2026-07-01 00:00:00
269,21,129,302.9,9.7,4.7,39.9,2026-04-21 22:27:00,False,2026-07-01 00:00:00
270,30,65,190.2,8.2,5.3,41.5,2026-05-07 06:51:00,False,2026-07-01 00:00:00
271,25,90,261.7,12.3,46.3,14.3,2026-06-26 16:23:00,False,2026-07-01 00:00:00
272,23,43,51.2,6.2,73.8,20.5,2026-04-09 17:21:00,False,2026-07-01 00:00:00
273,5,93,345.0,11.2,96.6,48.7,2026-02-20 16:07:00,False,2026-07-01 00:00:00
274,13,140,81.2,0.1,81.6,16.4,2026-04-29 09:05:00,False,2026-07-01 00:00:00
275,7,21,225.3,1.2,8.2,21.1,2026-05-13 07:02:00,False,2026-07-01 00:00:00
276,24,137,89.7,19.5,31.5,44.1,2026-04-03 20:43:00,False,2026-07-01 00:00:00
277,16,64,109.6,12.9,15.0,17.2,2026-06-05 08:12:00,False,2026-07-01 00:00:00
278,5,17,252.4,16.5,24.1,25.6,2026-03-09 22:15:00,False,2026-07-01 00:00:00
279,21,3,238.4,7.8,51.6,40.2,2026-02-22 10:36:00,False,2026-07-01 00:00:00
280,26,117,440.9,10.2,75.7,27.1,2026-05-02 09:57:00,False,2026-07-01 00:00:00
281,21,49,206.4,12.5,25.9,22.0,2026-06-06 22:17:00,False,2026-07-01 00:00:00
282,12,145,248.0,12.3,2.9,12.5,2026-04-13 06:36:00,False,2026-07-01 00:00:00
283,10,120,238.5,19.5,81.6,15.9,2026-04-19 15:25:00,False,2026-07-01 00:00:00
284,24,85,226.1,10.6,56.6,32.1,2026-02-15 14:17:00,False,2026-07-01 00:00:00
285,25,77,163.9,19.2,24.3,15.7,2026-05-16 14:50:00,False,2026-07-01 00:00:00
286,5,11,268.6,3.5,30.6,19.8,2026-05-26 07:37:00,False,2026-07-01 00:00:00
287,17,24,327.0,2.9,3.8,48.3,2026-01-19 16:41:00,False,2026-07-01 00:00:00
288,4,36,305.0,10.2,7.8,25.3,2026-03-13 07:20:00,False,2026-07-01 00:00:00
289,10,28,343.3,13.4,16.5,19.2,2026-01-03 06:49:00,False,2026-07-01 00:00:00
290,18,116,224.0,7.4,61.4,40.0,2026-02-22 11:10:00,False,2026-07-01 00:00:00
291,24,111,-35.4,4.8,76.0,28.6,2026-03-15 13:10:00,True,2026-07-01 00:00:00
292,14,120,475.3,17.6,31.0,20.9,2026-06-12 13:04:00,False,2026-07-01 00:00:00
293,25,16,399.4,19.8,14.0,49.4,2026-05-20 17:51:00,False,2026-07-01 00:00:00
294,9,63,195.6,8.7,88.9,19.4,2026-04-02 16:34:00,False,2026-07-01 00:00:00
295,6,20,291.5,17.7,27.8,23.7,2026-06-06 19:34:00,False,2026-07-01 00:00:00
296,5,36,99.3,1.9,13.6,36.6,2026-01-21 10:22:00,False,2026-07-01 00:00:00
297,12,129,226.0,10.4,73.5,16.7,2026-02-22 06:30:00,False,2026-07-01 00:00:00
298,18,31,97.0,2.6,77.6,23.2,2026-01-06 19:28:00,False,2026-07-01 00:00:00
299,29,15,201.5,16.6,70.3,39.2,2026-06-16 11:53:00,False,2026-07-01 00:00:00
300,9,88,115.2,16.5,46.9,36.2,2026-04-23 08:06:00,False,2026-07-01 00:00:00
301,8,29,155.6,15.1,99.5,42.0,2026-05-05 12:07:00,False,2026-07-01 00:00:00
302,22,11,21.8,3.1,80.4,22.7,2026-04-20 13:36:00,False,2026-07-01 00:00:00
303,17,74,154.2,4.3,10.0,10.5,2026-05-27 06:12:00,False,2026-07-01 00:00:00
304,28,89,255.1,6.9,71.2,15.4,2026-02-18 11:44:00,False,2026-07-01 00:00:00
305,26,122,142.5,16.8,49.1,12.8,2026-02-09 18:19:00,False,2026-07-01 00:00:00
306,6,29,360.2,3.5,55.0,27.6,2026-02-11 22:53:00,False,2026-07-01 00:00:00
307,18,8,218.7,8.7,41.4,39.5,2026-06-13 15:36:00,False,2026-07-01 00:00:00
308,16,11,158.3,12.5,31.3,38.4,2026-01-01 09:36:00,False,2026-07-01 00:00:00
309,27,104,314.7,16.3,22.1,36.5,2026-03-03 17:26:00,False,2026-07-01 00:00:00
310,5,49,269.6,15.8,17.2,45.6,2026-01-31 22:30:00,False,2026-07-01 00:00:00
311,1,12,478.3,0.8,87.2,17.2,2026-01-15 17:15:00,False,2026-07-01 00:00:00
312,5,43,-26.6,11.7,57.6,24.4,2026-01-13 22:36:00,True,2026-07-01 00:00:00
313,17,8,110.3,7.7,84.9,14.7,2026-01-04 08:18:00,False,2026-07-01 00:00:00
314,16,138,49.7,16.2,82.4,45.9,2026-06-07 09:49:00,False,2026-07-01 00:00:00
315,4,125,55.3,0.9,39.2,23.0,2026-04-14 22:33:00,False,2026-07-01 00:00:00
316,12,119,344.3,15.6,18.3,47.9,2026-02-20 09:27:00,False,2026-07-01 00:00:00
317,1,62,406.0,7.0,15.4,22.2,2026-03-29 06:25:00,False,2026-07-01 00:00:00
318,27,52,19.7,9.3,83.5,12.4,2026-06-26 17:09:00,False,2026-07-01 00:00:00
319,28,71,453.2,13.2,94.4,34.3,2026-03-07 16:27:00,False,2026-07-01 00:00:00
320,29,77,159.9,8.3,46.7,40.9,2026-06-18 14:26:00,False,2026-07-01 00:00:00
321,20,31,102.9,14.3,30.5,10.7,2026-01-04 09:13:00,False,2026-07-01 00:00:00
322,25,114,94.7,8.9,27.1,39.3,2026-01-05 21:15:00,False,2026-07-01 00:00:00
323,17,46,54.8,3.6,32.5,38.9,2026-06-19 13:14:00,False,2026-07-01 00:00:00
324,16,110,379.2,18.1,64.2,15.7,2026-02-23 13:17:00,False,2026-07-01 00:00:00
325,11,12,13.6,5.5,47.1,26.2,2026-04-29 19:52:00,False,2026-07-01 00:00:00
326,14,21,-26.7,13.0,3.6,45.5,2026-06-03 08:54:00,True,2026-07-01 00:00:00
327,4,136,443.5,3.3,73.2,30.0,2026-03-03 12:40:00,False,2026-07-01 00:00:00
328,7,78,229.5,11.6,28.5,15.1,2026-05-31 18:58:00,False,2026-07-01 00:00:00
329,29,58,-2.6,6.4,69.9,35.3,2026-06-23 22:03:00,True,2026-07-01 00:00:00
330,21,5,226.9,7.4,77.2,28.4,2026-01-26 12:07:00,False,2026-07-01 00:00:00
331,17,58,354.5,11.0,93.8,29.6,2026-06-20 14:17:00,False,2026-07-01 00:00:00
332,9,100,244.8,12.8,1.7,36.7,2026-06-11 08:15:00,False,2026-07-01 00:00:00
333,17,94,343.2,18.1,29.8,14.4,2026-03-21 11:39:00,False,2026-07-01 00:00:00
334,8,42,473.1,14.8,99.1,28.1,2026-01-17 21:55:00,False,2026-07-01 00:00:00
335,26,115,87.3,16.8,48.7,11.5,2026-01-13 19:23:00,False,2026-07-01 00:00:00
336,7,103,-25.7,5.9,72.4,32.6,2026-01-22 11:30:00,True,2026-07-01 00:00:00
337,19,60,-6.5,0.8,15.6,25.5,2026-06-15 21:29:00,True,2026-07-01 00:00:00
338,11,108,417.1,18.5,59.8,38.1,2026-01-01 19:44:00,False,2026-07-01 00:00:00
339,1,77,13.7,8.7,82.1,10.4,2026-04-03 18:25:00,False,2026-07-01 00:00:00
340,28,26,-3.3,14.7,55.6,32.0,2026-02-03 08:45:00,True,2026-07-01 00:00:00
341,1,124,122.3,8.6,21.9,32.5,2026-03-02 06:37:00,False,2026-07-01 00:00:00
342,8,51,330.1,4.0,95.8,33.1,2026-02-04 22:40:00,False,2026-07-01 00:00:00
343,19,105,493.7,1.9,68.6,14.8,2026-05-02 16:41:00,False,2026-07-01 00:00:00
344,14,56,87.7,6.3,27.5,33.7,2026-04-08 14:42:00,False,2026-07-01 00:00:00
345,22,44,44.9,8.3,82.7,32.7,2026-05-27 10:21:00,False,2026-07-01 00:00:00
346,25,88,240.8,4.8,1.1,42.0,2026-03-31 07:42:00,False,2026-07-01 00:00:00
347,23,142,377.4,7.4,62.6,48.2,2026-03-07 15:39:00,False,2026-07-01 00:00:00
348,4,11,228.8,7.0,23.3,49.2,2026-05-20 13:58:00,False,2026-07-01 00:00:00
349,3,48,192.4,19.8,93.6,43.8,2026-04-24 22:50:00,False,2026-07-01 00:00:00
350,7,74,-24.1,11.7,68.6,42.4,2026-02-05 22:05:00,True,2026-07-01 00:00:00
351,18,23,162.4,9.5,89.9,29.6,2026-06-20 09:07:00,False,2026-07-01 00:00:00
352,1,58,106.5,3.5,96.4,29.7,2026-02-26 19:04:00,False,2026-07-01 00:00:00
353,16,80,125.6,15.1,26.2,28.9,2026-06-07 08:32:00,False,2026-07-01 00:00:00
354,9,136,-46.8,15.8,2.8,10.6,2026-01-24 13:15:00,True,2026-07-01 00:00:00
355,2,44,346.8,5.5,54.8,10.7,2026-01-03 08:05:00,False,2026-07-01 00:00:00
356,24,64,409.1,15.4,57.1,14.4,2026-06-19 08:37:00,False,2026-07-01 00:00:00
357,5,120,372.3,18.8,26.7,20.0,2026-04-25 19:18:00,False,2026-07-01 00:00:00
358,11,97,-8.5,14.6,74.2,46.8,2026-04-20 09:23:00,True,2026-07-01 00:00:00
359,29,140,359.4,3.9,91.2,47.8,2026-06-08 20:19:00,False,2026-07-01 00:00:00
360,16,12,461.8,12.6,59.1,21.7,2026-04-29 09:38:00,False,2026-07-01 00:00:00
361,6,4,426.1,15.8,22.3,30.9,2026-02-03 18:22:00,False,2026-07-01 00:00:00
362,14,32,261.6,10.7,80.3,33.2,2026-05-20 08:08:00,False,2026-07-01 00:00:00
363,13,104,176.3,12.3,11.8,39.2,2026-05-27 11:46:00,False,2026-07-01 00:00:00
364,23,118,428.1,13.5,67.5,30.1,2026-06-12 19:44:00,False,2026-07-01 00:00:00
365,26,97,145.3,18.4,79.1,47.1,2026-04-19 17:53:00,False,2026-07-01 00:00:00
366,20,116,193.3,19.1,60.0,46.4,2026-05-06 19:30:00,False,2026-07-01 00:00:00
367,7,130,-41.4,18.0,31.8,39.3,2026-04-16 22:08:00,True,2026-07-01 00:00:00
368,7,64,379.2,4.7,90.1,32.6,2026-03-13 20:49:00,False,2026-07-01 00:00:00
369,10,24,459.6,14.4,43.4,32.5,2026-04-14 16:28:00,False,2026-07-01 00:00:00
370,2,115,85.2,16.4,90.5,24.7,2026-04-14 06:47:00,False,2026-07-01 00:00:00
371,24,93,35.5,19.5,99.5,47.6,2026-02-04 08:15:00,False,2026-07-01 00:00:00
372,7,1,301.0,10.3,43.9,32.4,2026-02-12 22:33:00,False,2026-07-01 00:00:00
373,29,4,490.7,19.7,77.6,47.7,2026-05-31 17:21:00,False,2026-07-01 00:00:00
374,25,128,169.1,15.1,5.5,30.9,2026-02-25 21:52:00,False,2026-07-01 00:00:00
375,22,9,191.3,14.6,72.6,43.3,2026-06-22 06:26:00,False,2026-07-01 00:00:00
376,22,22,140.2,5.6,77.3,21.7,2026-01-21 21:19:00,False,2026-07-01 00:00:00
377,29,117,-48.3,10.9,89.0,31.6,2026-04-12 21:07:00,True,2026-07-01 00:00:00
378,4,113,365.0,3.2,61.0,35.2,2026-05-30 18:15:00,False,2026-07-01 00:00:00
379,9,52,182.4,16.6,97.4,44.3,2026-06-07 14:06:00,False,2026-07-01 00:00:00
380,14,37,297.1,15.6,77.2,48.6,2026-02-15 14:00:00,False,2026-07-01 00:00:00
381,17,98,40.2,13.3,5.7,45.6,2026-03-05 10:54:00,False,2026-07-01 00:00:00
382,4,96,431.0,8.0,44.9,12.5,2026-06-08 08:32:00,False,2026-07-01 00:00:00
383,15,31,205.6,0.1,78.6,38.6,2026-05-27 11:45:00,False,2026-07-01 00:00:00
384,29,12,212.0,1.6,51.6,34.3,2026-06-21 06:09:00,False,2026-07-01 00:00:00
385,6,21,83.3,19.8,58.3,25.9,2026-03-22 07:12:00,False,2026-07-01 00:00:00
